Run,Count,Cheat,Terminal,Size,Depth,Speed,Angle,Reward,Gain,From Start,To Middle,Distracted,Time,Actions Remaining,Optimal,Combined,Agent,Driver
Run,Count,Cheat,Terminal,Size,Depth,Speed,Angle,Reward,Gain,From Start,To Middle,Distracted,Time,Actions Remaining,Optimal,Combined,Agent,Driver
Run,Count,Cheat,Terminal,Size,Depth,Speed,Angle,Reward,Gain,From Start,To Middle,Distracted,Time,Actions Remaining,Optimal,Combined,Agent,Driver
Run,Count,Cheat,Terminal,Size,Depth,Speed,Angle,Reward,Gain,From Start,To Middle,Distracted,Time,Actions Remaining,Optimal,Combined,Agent,Driver
Run,Count,Cheat,Terminal,Size,Depth,Speed,Angle,Reward,Gain,From Start,To Middle,Distracted,Time,Actions Remaining,Optimal,Combined,Agent,Driver
Run,Count,Cheat,Terminal,Size,Depth,Speed,Angle,Reward,Gain,From Start,To Middle,Distracted,Time,Actions Remaining,Optimal,Combined,Agent,Driver
Run,Count,Cheat,Terminal,Size,Depth,Speed,Angle,Reward,Gain,From Start,To Middle,Distracted,Time,Actions Remaining,Optimal,Combined,Agent,Driver
Run,Count,Cheat,Terminal,Size,Depth,Speed,Angle,Reward,Gain,From Start,To Middle,Distracted,Time,Actions Remaining,Optimal,Combined,Agent,Driver
Run,Count,Cheat,Terminal,Size,Depth,Speed,Angle,Reward,Gain,From Start,To Middle,Distracted,Time,Actions Remaining,Optimal,Combined,Agent,Driver
Run,Count,Cheat,Terminal,Size,Depth,Speed,Angle,Reward,Gain,From Start,To Middle,Distracted,Time,Actions Remaining,Optimal,Combined,Agent,Driver
Run,Count,Cheat,Terminal,Size,Depth,Speed,Angle,Reward,Gain,From Start,To Middle,Distracted,Time,Actions Remaining,Optimal,Combined,Agent,Driver
Run,Count,Cheat,Terminal,Size,Depth,Speed,Angle,Reward,Gain,From Start,To Middle,Distracted,Time,Actions Remaining,Optimal,Combined,Agent,Driver
Run,Count,Cheat,Terminal,Size,Depth,Speed,Angle,Reward,Gain,From Start,To Middle,Distracted,Time,Actions Remaining,Optimal,Combined,Agent,Driver
Run,Count,Cheat,Terminal,Size,Depth,Speed,Angle,Reward,Gain,From Start,To Middle,Distracted,Time,Actions Remaining,Optimal,Combined,Agent,Driver
Run,Count,Cheat,Terminal,Size,Depth,Speed,Angle,Reward,Gain,From Start,To Middle,Distracted,Time,Actions Remaining,Optimal,Combined,Agent,Driver
